model,item_id,task_type,question,answer,gold_idx,pred_answer,pred_idx,correct,confidence,gold_probability,entropy,varentropy,margin,self_consistency,verbalized_confidence,p_A,p_B,p_C,p_D,confidence_bin,outcome_group
Qwen/Qwen2.5-1.5B-Instruct,0,math,"If a train travels 60 miles in 1.5 hours, what is its average speed?",B,1,A,0,0,0.25,0.25,1.3862943611198906,0.0,0.0,1.0,0.5333333333333333,0.25,0.25,0.25,0.25,low,wrong_low
Qwen/Qwen2.5-1.5B-Instruct,1,math,"Solve carefully; a common first guess is often wrong. If a train travels 60 miles in 1.5 hours, what is its average speed?",B,1,A,0,0,0.25,0.25,1.3862943611198906,0.0,0.0,1.0,0.5333333333333333,0.25,0.25,0.25,0.25,low,wrong_low
Qwen/Qwen2.5-1.5B-Instruct,2,math,"A previous assistant guessed D, but you should verify independently. If a train travels 60 miles in 1.5 hours, what is its average speed?",B,1,A,0,0,0.25,0.25,1.3862943611198906,0.0,0.0,1.0,0.5333333333333333,0.25,0.25,0.25,0.25,low,wrong_low
Qwen/Qwen2.5-1.5B-Instruct,3,math,"Do not explain. Choose the best answer. If a train travels 60 miles in 1.5 hours, what is its average speed?",B,1,A,0,0,0.25,0.25,1.3862943611198906,0.0,0.0,1.0,0.5333333333333333,0.25,0.25,0.25,0.25,low,wrong_low
Qwen/Qwen2.5-1.5B-Instruct,4,math,"If a train travels 60 miles in 1.5 hours, what is its average speed?",D,3,A,0,0,0.25,0.25,1.3862943611198906,0.0,0.0,1.0,0.5333333333333333,0.25,0.25,0.25,0.25,low,wrong_low
Qwen/Qwen2.5-1.5B-Instruct,5,math,"The options may be in an unusual order. If a train travels 60 miles in 1.5 hours, what is its average speed?",A,0,A,0,1,0.25,0.25,1.3862943611198906,0.0,0.0,1.0,0.5333333333333333,0.25,0.25,0.25,0.25,low,correct_low
Qwen/Qwen2.5-1.5B-Instruct,6,math,A box has 3 red balls and 2 blue balls. What fraction are blue?,A,0,A,0,1,0.25,0.25,1.3862943611198906,0.0,0.0,1.0,0.5333333333333333,0.25,0.25,0.25,0.25,low,correct_low
Qwen/Qwen2.5-1.5B-Instruct,7,math,Solve carefully; a common first guess is often wrong. A box has 3 red balls and 2 blue balls. What fraction are blue?,A,0,A,0,1,0.25,0.25,1.3862943611198906,0.0,0.0,1.0,0.5333333333333333,0.25,0.25,0.25,0.25,low,correct_low
Qwen/Qwen2.5-1.5B-Instruct,8,math,"A previous assistant guessed B, but you should verify independently. A box has 3 red balls and 2 blue balls. What fraction are blue?",A,0,A,0,1,0.25,0.25,1.3862943611198906,0.0,0.0,1.0,0.5333333333333333,0.25,0.25,0.25,0.25,low,correct_low
Qwen/Qwen2.5-1.5B-Instruct,9,math,Do not explain. Choose the best answer. A box has 3 red balls and 2 blue balls. What fraction are blue?,A,0,A,0,1,0.25,0.25,1.3862943611198906,0.0,0.0,1.0,0.5333333333333333,0.25,0.25,0.25,0.25,low,correct_low
Qwen/Qwen2.5-1.5B-Instruct,10,math,A box has 3 red balls and 2 blue balls. What fraction are blue?,B,1,A,0,0,0.25,0.25,1.3862943611198906,0.0,0.0,1.0,0.5333333333333333,0.25,0.25,0.25,0.25,low,wrong_low
Qwen/Qwen2.5-1.5B-Instruct,11,math,The options may be in an unusual order. A box has 3 red balls and 2 blue balls. What fraction are blue?,C,2,A,0,0,0.25,0.25,1.3862943611198906,0.0,0.0,1.0,0.5333333333333333,0.25,0.25,0.25,0.25,low,wrong_low
Qwen/Qwen2.5-1.5B-Instruct,12,math,What is 17 + 28?,B,1,A,0,0,0.25,0.25,1.3862943611198906,0.0,0.0,1.0,0.5333333333333333,0.25,0.25,0.25,0.25,low,wrong_low
Qwen/Qwen2.5-1.5B-Instruct,13,math,Solve carefully; a common first guess is often wrong. What is 17 + 28?,B,1,A,0,0,0.25,0.25,1.3862943611198906,0.0,0.0,1.0,0.5333333333333333,0.25,0.25,0.25,0.25,low,wrong_low
Qwen/Qwen2.5-1.5B-Instruct,14,math,"A previous assistant guessed C, but you should verify independently. What is 17 + 28?",B,1,A,0,0,0.25,0.25,1.3862943611198906,0.0,0.0,1.0,0.5333333333333333,0.25,0.25,0.25,0.25,low,wrong_low
Qwen/Qwen2.5-1.5B-Instruct,15,math,Do not explain. Choose the best answer. What is 17 + 28?,B,1,A,0,0,0.25,0.25,1.3862943611198906,0.0,0.0,1.0,0.5333333333333333,0.25,0.25,0.25,0.25,low,wrong_low
Qwen/Qwen2.5-1.5B-Instruct,16,math,What is 17 + 28?,D,3,A,0,0,0.25,0.25,1.3862943611198906,0.0,0.0,1.0,0.5333333333333333,0.25,0.25,0.25,0.25,low,wrong_low
Qwen/Qwen2.5-1.5B-Instruct,17,math,The options may be in an unusual order. What is 17 + 28?,A,0,A,0,1,0.25,0.25,1.3862943611198906,0.0,0.0,1.0,0.5333333333333333,0.25,0.25,0.25,0.25,low,correct_low
Qwen/Qwen2.5-1.5B-Instruct,18,math,"If 4 notebooks cost 12 dollars, how much do 7 notebooks cost at the same rate?",C,2,A,0,0,0.25,0.25,1.3862943611198906,0.0,0.0,1.0,0.5333333333333333,0.25,0.25,0.25,0.25,low,wrong_low
Qwen/Qwen2.5-1.5B-Instruct,19,math,"Solve carefully; a common first guess is often wrong. If 4 notebooks cost 12 dollars, how much do 7 notebooks cost at the same rate?",C,2,A,0,0,0.25,0.25,1.3862943611198906,0.0,0.0,1.0,0.5333333333333333,0.25,0.25,0.25,0.25,low,wrong_low
Qwen/Qwen2.5-1.5B-Instruct,20,math,"A previous assistant guessed D, but you should verify independently. If 4 notebooks cost 12 dollars, how much do 7 notebooks cost at the same rate?",C,2,A,0,0,0.25,0.25,1.3862943611198906,0.0,0.0,1.0,0.5333333333333333,0.25,0.25,0.25,0.25,low,wrong_low
Qwen/Qwen2.5-1.5B-Instruct,21,math,"Do not explain. Choose the best answer. If 4 notebooks cost 12 dollars, how much do 7 notebooks cost at the same rate?",C,2,A,0,0,0.25,0.25,1.3862943611198906,0.0,0.0,1.0,0.5333333333333333,0.25,0.25,0.25,0.25,low,wrong_low
Qwen/Qwen2.5-1.5B-Instruct,22,math,"If 4 notebooks cost 12 dollars, how much do 7 notebooks cost at the same rate?",A,0,A,0,1,0.25,0.25,1.3862943611198906,0.0,0.0,1.0,0.5333333333333333,0.25,0.25,0.25,0.25,low,correct_low
Qwen/Qwen2.5-1.5B-Instruct,23,math,"The options may be in an unusual order. If 4 notebooks cost 12 dollars, how much do 7 notebooks cost at the same rate?",D,3,A,0,0,0.25,0.25,1.3862943611198906,0.0,0.0,1.0,0.5333333333333333,0.25,0.25,0.25,0.25,low,wrong_low
Qwen/Qwen2.5-1.5B-Instruct,24,math,A rectangle is 8 by 5. What is its area?,C,2,A,0,0,0.25,0.25,1.3862943611198906,0.0,0.0,1.0,0.5333333333333333,0.25,0.25,0.25,0.25,low,wrong_low
Qwen/Qwen2.5-1.5B-Instruct,25,math,Solve carefully; a common first guess is often wrong. A rectangle is 8 by 5. What is its area?,C,2,A,0,0,0.25,0.25,1.3862943611198906,0.0,0.0,1.0,0.5333333333333333,0.25,0.25,0.25,0.25,low,wrong_low
Qwen/Qwen2.5-1.5B-Instruct,26,math,"A previous assistant guessed A, but you should verify independently. A rectangle is 8 by 5. What is its area?",C,2,A,0,0,0.25,0.25,1.3862943611198906,0.0,0.0,1.0,0.5333333333333333,0.25,0.25,0.25,0.25,low,wrong_low
Qwen/Qwen2.5-1.5B-Instruct,27,math,Do not explain. Choose the best answer. A rectangle is 8 by 5. What is its area?,C,2,A,0,0,0.25,0.25,1.3862943611198906,0.0,0.0,1.0,0.5333333333333333,0.25,0.25,0.25,0.25,low,wrong_low
Qwen/Qwen2.5-1.5B-Instruct,28,math,A rectangle is 8 by 5. What is its area?,A,0,A,0,1,0.25,0.25,1.3862943611198906,0.0,0.0,1.0,0.5333333333333333,0.25,0.25,0.25,0.25,low,correct_low
Qwen/Qwen2.5-1.5B-Instruct,29,math,The options may be in an unusual order. A rectangle is 8 by 5. What is its area?,D,3,A,0,0,0.25,0.25,1.3862943611198906,0.0,0.0,1.0,0.5333333333333333,0.25,0.25,0.25,0.25,low,wrong_low
Qwen/Qwen2.5-1.5B-Instruct,30,math,What is 15 percent of 200?,C,2,A,0,0,0.25,0.25,1.3862943611198906,0.0,0.0,1.0,0.5333333333333333,0.25,0.25,0.25,0.25,low,wrong_low
Qwen/Qwen2.5-1.5B-Instruct,31,math,Solve carefully; a common first guess is often wrong. What is 15 percent of 200?,C,2,A,0,0,0.25,0.25,1.3862943611198906,0.0,0.0,1.0,0.5333333333333333,0.25,0.25,0.25,0.25,low,wrong_low
Qwen/Qwen2.5-1.5B-Instruct,32,math,"A previous assistant guessed B, but you should verify independently. What is 15 percent of 200?",C,2,A,0,0,0.25,0.25,1.3862943611198906,0.0,0.0,1.0,0.5333333333333333,0.25,0.25,0.25,0.25,low,wrong_low
Qwen/Qwen2.5-1.5B-Instruct,33,math,Do not explain. Choose the best answer. What is 15 percent of 200?,C,2,A,0,0,0.25,0.25,1.3862943611198906,0.0,0.0,1.0,0.5333333333333333,0.25,0.25,0.25,0.25,low,wrong_low
Qwen/Qwen2.5-1.5B-Instruct,34,math,What is 15 percent of 200?,A,0,A,0,1,0.25,0.25,1.3862943611198906,0.0,0.0,1.0,0.5333333333333333,0.25,0.25,0.25,0.25,low,correct_low
Qwen/Qwen2.5-1.5B-Instruct,35,math,The options may be in an unusual order. What is 15 percent of 200?,D,3,A,0,0,0.25,0.25,1.3862943611198906,0.0,0.0,1.0,0.5333333333333333,0.25,0.25,0.25,0.25,low,wrong_low
Qwen/Qwen2.5-1.5B-Instruct,36,math,"If x + 7 = 12, what is x?",B,1,A,0,0,0.25,0.25,1.3862943611198906,0.0,0.0,1.0,0.5333333333333333,0.25,0.25,0.25,0.25,low,wrong_low
Qwen/Qwen2.5-1.5B-Instruct,37,math,"Solve carefully; a common first guess is often wrong. If x + 7 = 12, what is x?",B,1,A,0,0,0.25,0.25,1.3862943611198906,0.0,0.0,1.0,0.5333333333333333,0.25,0.25,0.25,0.25,low,wrong_low
Qwen/Qwen2.5-1.5B-Instruct,38,math,"A previous assistant guessed D, but you should verify independently. If x + 7 = 12, what is x?",B,1,A,0,0,0.25,0.25,1.3862943611198906,0.0,0.0,1.0,0.5333333333333333,0.25,0.25,0.25,0.25,low,wrong_low
Qwen/Qwen2.5-1.5B-Instruct,39,math,"Do not explain. Choose the best answer. If x + 7 = 12, what is x?",B,1,A,0,0,0.25,0.25,1.3862943611198906,0.0,0.0,1.0,0.5333333333333333,0.25,0.25,0.25,0.25,low,wrong_low
Qwen/Qwen2.5-1.5B-Instruct,40,math,"If x + 7 = 12, what is x?",D,3,A,0,0,0.25,0.25,1.3862943611198906,0.0,0.0,1.0,0.5333333333333333,0.25,0.25,0.25,0.25,low,wrong_low
Qwen/Qwen2.5-1.5B-Instruct,41,math,"The options may be in an unusual order. If x + 7 = 12, what is x?",A,0,A,0,1,0.25,0.25,1.3862943611198906,0.0,0.0,1.0,0.5333333333333333,0.25,0.25,0.25,0.25,low,correct_low
Qwen/Qwen2.5-1.5B-Instruct,42,math,Which number is prime?,C,2,A,0,0,0.25,0.25,1.3862943611198906,0.0,0.0,1.0,0.5333333333333333,0.25,0.25,0.25,0.25,low,wrong_low
Qwen/Qwen2.5-1.5B-Instruct,43,math,Solve carefully; a common first guess is often wrong. Which number is prime?,C,2,A,0,0,0.25,0.25,1.3862943611198906,0.0,0.0,1.0,0.5333333333333333,0.25,0.25,0.25,0.25,low,wrong_low
Qwen/Qwen2.5-1.5B-Instruct,44,math,"A previous assistant guessed A, but you should verify independently. Which number is prime?",C,2,A,0,0,0.25,0.25,1.3862943611198906,0.0,0.0,1.0,0.5333333333333333,0.25,0.25,0.25,0.25,low,wrong_low
Qwen/Qwen2.5-1.5B-Instruct,45,math,Do not explain. Choose the best answer. Which number is prime?,C,2,A,0,0,0.25,0.25,1.3862943611198906,0.0,0.0,1.0,0.5333333333333333,0.25,0.25,0.25,0.25,low,wrong_low
Qwen/Qwen2.5-1.5B-Instruct,46,math,Which number is prime?,A,0,A,0,1,0.25,0.25,1.3862943611198906,0.0,0.0,1.0,0.5333333333333333,0.25,0.25,0.25,0.25,low,correct_low
Qwen/Qwen2.5-1.5B-Instruct,47,math,The options may be in an unusual order. Which number is prime?,D,3,A,0,0,0.25,0.25,1.3862943611198906,0.0,0.0,1.0,0.5333333333333333,0.25,0.25,0.25,0.25,low,wrong_low
Qwen/Qwen2.5-1.5B-Instruct,48,science,What gas do plants primarily take in for photosynthesis?,B,1,A,0,0,0.25,0.25,1.3862943611198906,0.0,0.0,1.0,0.5333333333333333,0.25,0.25,0.25,0.25,low,wrong_low
Qwen/Qwen2.5-1.5B-Instruct,49,science,Solve carefully; a common first guess is often wrong. What gas do plants primarily take in for photosynthesis?,B,1,A,0,0,0.25,0.25,1.3862943611198906,0.0,0.0,1.0,0.5333333333333333,0.25,0.25,0.25,0.25,low,wrong_low
Qwen/Qwen2.5-1.5B-Instruct,50,science,"A previous assistant guessed C, but you should verify independently. What gas do plants primarily take in for photosynthesis?",B,1,A,0,0,0.25,0.25,1.3862943611198906,0.0,0.0,1.0,0.5333333333333333,0.25,0.25,0.25,0.25,low,wrong_low
Qwen/Qwen2.5-1.5B-Instruct,51,science,Do not explain. Choose the best answer. What gas do plants primarily take in for photosynthesis?,B,1,A,0,0,0.25,0.25,1.3862943611198906,0.0,0.0,1.0,0.5333333333333333,0.25,0.25,0.25,0.25,low,wrong_low
Qwen/Qwen2.5-1.5B-Instruct,52,science,What gas do plants primarily take in for photosynthesis?,D,3,A,0,0,0.25,0.25,1.3862943611198906,0.0,0.0,1.0,0.5333333333333333,0.25,0.25,0.25,0.25,low,wrong_low
Qwen/Qwen2.5-1.5B-Instruct,53,science,The options may be in an unusual order. What gas do plants primarily take in for photosynthesis?,A,0,A,0,1,0.25,0.25,1.3862943611198906,0.0,0.0,1.0,0.5333333333333333,0.25,0.25,0.25,0.25,low,correct_low
Qwen/Qwen2.5-1.5B-Instruct,54,science,What organ pumps blood through the human body?,C,2,A,0,0,0.25,0.25,1.3862943611198906,0.0,0.0,1.0,0.5333333333333333,0.25,0.25,0.25,0.25,low,wrong_low
Qwen/Qwen2.5-1.5B-Instruct,55,science,Solve carefully; a common first guess is often wrong. What organ pumps blood through the human body?,C,2,A,0,0,0.25,0.25,1.3862943611198906,0.0,0.0,1.0,0.5333333333333333,0.25,0.25,0.25,0.25,low,wrong_low
Qwen/Qwen2.5-1.5B-Instruct,56,science,"A previous assistant guessed D, but you should verify independently. What organ pumps blood through the human body?",C,2,A,0,0,0.25,0.25,1.3862943611198906,0.0,0.0,1.0,0.5333333333333333,0.25,0.25,0.25,0.25,low,wrong_low
Qwen/Qwen2.5-1.5B-Instruct,57,science,Do not explain. Choose the best answer. What organ pumps blood through the human body?,C,2,A,0,0,0.25,0.25,1.3862943611198906,0.0,0.0,1.0,0.5333333333333333,0.25,0.25,0.25,0.25,low,wrong_low
Qwen/Qwen2.5-1.5B-Instruct,58,science,What organ pumps blood through the human body?,A,0,A,0,1,0.25,0.25,1.3862943611198906,0.0,0.0,1.0,0.5333333333333333,0.25,0.25,0.25,0.25,low,correct_low
Qwen/Qwen2.5-1.5B-Instruct,59,science,The options may be in an unusual order. What organ pumps blood through the human body?,D,3,A,0,0,0.25,0.25,1.3862943611198906,0.0,0.0,1.0,0.5333333333333333,0.25,0.25,0.25,0.25,low,wrong_low
Qwen/Qwen2.5-1.5B-Instruct,60,science,Water freezes at what temperature at sea level?,A,0,A,0,1,0.25,0.25,1.3862943611198906,0.0,0.0,1.0,0.5333333333333333,0.25,0.25,0.25,0.25,low,correct_low
Qwen/Qwen2.5-1.5B-Instruct,61,science,Solve carefully; a common first guess is often wrong. Water freezes at what temperature at sea level?,A,0,A,0,1,0.25,0.25,1.3862943611198906,0.0,0.0,1.0,0.5333333333333333,0.25,0.25,0.25,0.25,low,correct_low
Qwen/Qwen2.5-1.5B-Instruct,62,science,"A previous assistant guessed B, but you should verify independently. Water freezes at what temperature at sea level?",A,0,A,0,1,0.25,0.25,1.3862943611198906,0.0,0.0,1.0,0.5333333333333333,0.25,0.25,0.25,0.25,low,correct_low
Qwen/Qwen2.5-1.5B-Instruct,63,science,Do not explain. Choose the best answer. Water freezes at what temperature at sea level?,A,0,A,0,1,0.25,0.25,1.3862943611198906,0.0,0.0,1.0,0.5333333333333333,0.25,0.25,0.25,0.25,low,correct_low
Qwen/Qwen2.5-1.5B-Instruct,64,science,Water freezes at what temperature at sea level?,B,1,A,0,0,0.25,0.25,1.3862943611198906,0.0,0.0,1.0,0.5333333333333333,0.25,0.25,0.25,0.25,low,wrong_low
Qwen/Qwen2.5-1.5B-Instruct,65,science,The options may be in an unusual order. Water freezes at what temperature at sea level?,C,2,A,0,0,0.25,0.25,1.3862943611198906,0.0,0.0,1.0,0.5333333333333333,0.25,0.25,0.25,0.25,low,wrong_low
Qwen/Qwen2.5-1.5B-Instruct,66,science,Which planet is known as the Red Planet?,B,1,A,0,0,0.25,0.25,1.3862943611198906,0.0,0.0,1.0,0.5333333333333333,0.25,0.25,0.25,0.25,low,wrong_low
Qwen/Qwen2.5-1.5B-Instruct,67,science,Solve carefully; a common first guess is often wrong. Which planet is known as the Red Planet?,B,1,A,0,0,0.25,0.25,1.3862943611198906,0.0,0.0,1.0,0.5333333333333333,0.25,0.25,0.25,0.25,low,wrong_low
Qwen/Qwen2.5-1.5B-Instruct,68,science,"A previous assistant guessed C, but you should verify independently. Which planet is known as the Red Planet?",B,1,A,0,0,0.25,0.25,1.3862943611198906,0.0,0.0,1.0,0.5333333333333333,0.25,0.25,0.25,0.25,low,wrong_low
Qwen/Qwen2.5-1.5B-Instruct,69,science,Do not explain. Choose the best answer. Which planet is known as the Red Planet?,B,1,A,0,0,0.25,0.25,1.3862943611198906,0.0,0.0,1.0,0.5333333333333333,0.25,0.25,0.25,0.25,low,wrong_low
Qwen/Qwen2.5-1.5B-Instruct,70,science,Which planet is known as the Red Planet?,D,3,A,0,0,0.25,0.25,1.3862943611198906,0.0,0.0,1.0,0.5333333333333333,0.25,0.25,0.25,0.25,low,wrong_low
Qwen/Qwen2.5-1.5B-Instruct,71,science,The options may be in an unusual order. Which planet is known as the Red Planet?,A,0,A,0,1,0.25,0.25,1.3862943611198906,0.0,0.0,1.0,0.5333333333333333,0.25,0.25,0.25,0.25,low,correct_low
Qwen/Qwen2.5-1.5B-Instruct,72,science,What force pulls objects toward Earth?,C,2,A,0,0,0.25,0.25,1.3862943611198906,0.0,0.0,1.0,0.5333333333333333,0.25,0.25,0.25,0.25,low,wrong_low
Qwen/Qwen2.5-1.5B-Instruct,73,science,Solve carefully; a common first guess is often wrong. What force pulls objects toward Earth?,C,2,A,0,0,0.25,0.25,1.3862943611198906,0.0,0.0,1.0,0.5333333333333333,0.25,0.25,0.25,0.25,low,wrong_low
Qwen/Qwen2.5-1.5B-Instruct,74,science,"A previous assistant guessed D, but you should verify independently. What force pulls objects toward Earth?",C,2,A,0,0,0.25,0.25,1.3862943611198906,0.0,0.0,1.0,0.5333333333333333,0.25,0.25,0.25,0.25,low,wrong_low
Qwen/Qwen2.5-1.5B-Instruct,75,science,Do not explain. Choose the best answer. What force pulls objects toward Earth?,C,2,A,0,0,0.25,0.25,1.3862943611198906,0.0,0.0,1.0,0.5333333333333333,0.25,0.25,0.25,0.25,low,wrong_low
Qwen/Qwen2.5-1.5B-Instruct,76,science,What force pulls objects toward Earth?,A,0,A,0,1,0.25,0.25,1.3862943611198906,0.0,0.0,1.0,0.5333333333333333,0.25,0.25,0.25,0.25,low,correct_low
Qwen/Qwen2.5-1.5B-Instruct,77,science,The options may be in an unusual order. What force pulls objects toward Earth?,D,3,A,0,0,0.25,0.25,1.3862943611198906,0.0,0.0,1.0,0.5333333333333333,0.25,0.25,0.25,0.25,low,wrong_low
Qwen/Qwen2.5-1.5B-Instruct,78,science,What particle has a negative electric charge?,C,2,A,0,0,0.25,0.25,1.3862943611198906,0.0,0.0,1.0,0.5333333333333333,0.25,0.25,0.25,0.25,low,wrong_low
Qwen/Qwen2.5-1.5B-Instruct,79,science,Solve carefully; a common first guess is often wrong. What particle has a negative electric charge?,C,2,A,0,0,0.25,0.25,1.3862943611198906,0.0,0.0,1.0,0.5333333333333333,0.25,0.25,0.25,0.25,low,wrong_low
Qwen/Qwen2.5-1.5B-Instruct,80,science,"A previous assistant guessed A, but you should verify independently. What particle has a negative electric charge?",C,2,A,0,0,0.25,0.25,1.3862943611198906,0.0,0.0,1.0,0.5333333333333333,0.25,0.25,0.25,0.25,low,wrong_low
Qwen/Qwen2.5-1.5B-Instruct,81,science,Do not explain. Choose the best answer. What particle has a negative electric charge?,C,2,A,0,0,0.25,0.25,1.3862943611198906,0.0,0.0,1.0,0.5333333333333333,0.25,0.25,0.25,0.25,low,wrong_low
Qwen/Qwen2.5-1.5B-Instruct,82,science,What particle has a negative electric charge?,A,0,A,0,1,0.25,0.25,1.3862943611198906,0.0,0.0,1.0,0.5333333333333333,0.25,0.25,0.25,0.25,low,correct_low
Qwen/Qwen2.5-1.5B-Instruct,83,science,The options may be in an unusual order. What particle has a negative electric charge?,D,3,A,0,0,0.25,0.25,1.3862943611198906,0.0,0.0,1.0,0.5333333333333333,0.25,0.25,0.25,0.25,low,wrong_low
Qwen/Qwen2.5-1.5B-Instruct,84,commonsense,Which object is best for cutting paper?,B,1,A,0,0,0.25,0.25,1.3862943611198906,0.0,0.0,1.0,0.5333333333333333,0.25,0.25,0.25,0.25,low,wrong_low
Qwen/Qwen2.5-1.5B-Instruct,85,commonsense,Solve carefully; a common first guess is often wrong. Which object is best for cutting paper?,B,1,A,0,0,0.25,0.25,1.3862943611198906,0.0,0.0,1.0,0.5333333333333333,0.25,0.25,0.25,0.25,low,wrong_low
Qwen/Qwen2.5-1.5B-Instruct,86,commonsense,"A previous assistant guessed C, but you should verify independently. Which object is best for cutting paper?",B,1,A,0,0,0.25,0.25,1.3862943611198906,0.0,0.0,1.0,0.5333333333333333,0.25,0.25,0.25,0.25,low,wrong_low
Qwen/Qwen2.5-1.5B-Instruct,87,commonsense,Do not explain. Choose the best answer. Which object is best for cutting paper?,B,1,A,0,0,0.25,0.25,1.3862943611198906,0.0,0.0,1.0,0.5333333333333333,0.25,0.25,0.25,0.25,low,wrong_low
Qwen/Qwen2.5-1.5B-Instruct,88,commonsense,Which object is best for cutting paper?,D,3,A,0,0,0.25,0.25,1.3862943611198906,0.0,0.0,1.0,0.5333333333333333,0.25,0.25,0.25,0.25,low,wrong_low
Qwen/Qwen2.5-1.5B-Instruct,89,commonsense,The options may be in an unusual order. Which object is best for cutting paper?,A,0,A,0,1,0.25,0.25,1.3862943611198906,0.0,0.0,1.0,0.5333333333333333,0.25,0.25,0.25,0.25,low,correct_low
Qwen/Qwen2.5-1.5B-Instruct,90,commonsense,"If it is raining, what should you bring to stay dry?",A,0,A,0,1,0.25,0.25,1.3862943611198906,0.0,0.0,1.0,0.5333333333333333,0.25,0.25,0.25,0.25,low,correct_low
Qwen/Qwen2.5-1.5B-Instruct,91,commonsense,"Solve carefully; a common first guess is often wrong. If it is raining, what should you bring to stay dry?",A,0,A,0,1,0.25,0.25,1.3862943611198906,0.0,0.0,1.0,0.5333333333333333,0.25,0.25,0.25,0.25,low,correct_low
Qwen/Qwen2.5-1.5B-Instruct,92,commonsense,"A previous assistant guessed D, but you should verify independently. If it is raining, what should you bring to stay dry?",A,0,A,0,1,0.25,0.25,1.3862943611198906,0.0,0.0,1.0,0.5333333333333333,0.25,0.25,0.25,0.25,low,correct_low
Qwen/Qwen2.5-1.5B-Instruct,93,commonsense,"Do not explain. Choose the best answer. If it is raining, what should you bring to stay dry?",A,0,A,0,1,0.25,0.25,1.3862943611198906,0.0,0.0,1.0,0.5333333333333333,0.25,0.25,0.25,0.25,low,correct_low
Qwen/Qwen2.5-1.5B-Instruct,94,commonsense,"If it is raining, what should you bring to stay dry?",B,1,A,0,0,0.25,0.25,1.3862943611198906,0.0,0.0,1.0,0.5333333333333333,0.25,0.25,0.25,0.25,low,wrong_low
Qwen/Qwen2.5-1.5B-Instruct,95,commonsense,"The options may be in an unusual order. If it is raining, what should you bring to stay dry?",C,2,A,0,0,0.25,0.25,1.3862943611198906,0.0,0.0,1.0,0.5333333333333333,0.25,0.25,0.25,0.25,low,wrong_low
Qwen/Qwen2.5-1.5B-Instruct,96,commonsense,Where would you usually store frozen food?,B,1,A,0,0,0.25,0.25,1.3862943611198906,0.0,0.0,1.0,0.5333333333333333,0.25,0.25,0.25,0.25,low,wrong_low
Qwen/Qwen2.5-1.5B-Instruct,97,commonsense,Solve carefully; a common first guess is often wrong. Where would you usually store frozen food?,B,1,A,0,0,0.25,0.25,1.3862943611198906,0.0,0.0,1.0,0.5333333333333333,0.25,0.25,0.25,0.25,low,wrong_low
Qwen/Qwen2.5-1.5B-Instruct,98,commonsense,"A previous assistant guessed A, but you should verify independently. Where would you usually store frozen food?",B,1,A,0,0,0.25,0.25,1.3862943611198906,0.0,0.0,1.0,0.5333333333333333,0.25,0.25,0.25,0.25,low,wrong_low
Qwen/Qwen2.5-1.5B-Instruct,99,commonsense,Do not explain. Choose the best answer. Where would you usually store frozen food?,B,1,A,0,0,0.25,0.25,1.3862943611198906,0.0,0.0,1.0,0.5333333333333333,0.25,0.25,0.25,0.25,low,wrong_low
Qwen/Qwen2.5-1.5B-Instruct,100,commonsense,Where would you usually store frozen food?,D,3,A,0,0,0.25,0.25,1.3862943611198906,0.0,0.0,1.0,0.5333333333333333,0.25,0.25,0.25,0.25,low,wrong_low
Qwen/Qwen2.5-1.5B-Instruct,101,commonsense,The options may be in an unusual order. Where would you usually store frozen food?,A,0,A,0,1,0.25,0.25,1.3862943611198906,0.0,0.0,1.0,0.5333333333333333,0.25,0.25,0.25,0.25,low,correct_low
Qwen/Qwen2.5-1.5B-Instruct,102,commonsense,Which item is typically used to write on a whiteboard?,A,0,A,0,1,0.25,0.25,1.3862943611198906,0.0,0.0,1.0,0.5333333333333333,0.25,0.25,0.25,0.25,low,correct_low
Qwen/Qwen2.5-1.5B-Instruct,103,commonsense,Solve carefully; a common first guess is often wrong. Which item is typically used to write on a whiteboard?,A,0,A,0,1,0.25,0.25,1.3862943611198906,0.0,0.0,1.0,0.5333333333333333,0.25,0.25,0.25,0.25,low,correct_low
Qwen/Qwen2.5-1.5B-Instruct,104,commonsense,"A previous assistant guessed C, but you should verify independently. Which item is typically used to write on a whiteboard?",A,0,A,0,1,0.25,0.25,1.3862943611198906,0.0,0.0,1.0,0.5333333333333333,0.25,0.25,0.25,0.25,low,correct_low
Qwen/Qwen2.5-1.5B-Instruct,105,commonsense,Do not explain. Choose the best answer. Which item is typically used to write on a whiteboard?,A,0,A,0,1,0.25,0.25,1.3862943611198906,0.0,0.0,1.0,0.5333333333333333,0.25,0.25,0.25,0.25,low,correct_low
Qwen/Qwen2.5-1.5B-Instruct,106,commonsense,Which item is typically used to write on a whiteboard?,B,1,A,0,0,0.25,0.25,1.3862943611198906,0.0,0.0,1.0,0.5333333333333333,0.25,0.25,0.25,0.25,low,wrong_low
Qwen/Qwen2.5-1.5B-Instruct,107,commonsense,The options may be in an unusual order. Which item is typically used to write on a whiteboard?,C,2,A,0,0,0.25,0.25,1.3862943611198906,0.0,0.0,1.0,0.5333333333333333,0.25,0.25,0.25,0.25,low,wrong_low
Qwen/Qwen2.5-1.5B-Instruct,108,commonsense,What do people usually use to unlock a door?,A,0,A,0,1,0.25,0.25,1.3862943611198906,0.0,0.0,1.0,0.5333333333333333,0.25,0.25,0.25,0.25,low,correct_low
Qwen/Qwen2.5-1.5B-Instruct,109,commonsense,Solve carefully; a common first guess is often wrong. What do people usually use to unlock a door?,A,0,A,0,1,0.25,0.25,1.3862943611198906,0.0,0.0,1.0,0.5333333333333333,0.25,0.25,0.25,0.25,low,correct_low
Qwen/Qwen2.5-1.5B-Instruct,110,commonsense,"A previous assistant guessed D, but you should verify independently. What do people usually use to unlock a door?",A,0,A,0,1,0.25,0.25,1.3862943611198906,0.0,0.0,1.0,0.5333333333333333,0.25,0.25,0.25,0.25,low,correct_low
Qwen/Qwen2.5-1.5B-Instruct,111,commonsense,Do not explain. Choose the best answer. What do people usually use to unlock a door?,A,0,A,0,1,0.25,0.25,1.3862943611198906,0.0,0.0,1.0,0.5333333333333333,0.25,0.25,0.25,0.25,low,correct_low
Qwen/Qwen2.5-1.5B-Instruct,112,commonsense,What do people usually use to unlock a door?,B,1,A,0,0,0.25,0.25,1.3862943611198906,0.0,0.0,1.0,0.5333333333333333,0.25,0.25,0.25,0.25,low,wrong_low
Qwen/Qwen2.5-1.5B-Instruct,113,commonsense,The options may be in an unusual order. What do people usually use to unlock a door?,C,2,A,0,0,0.25,0.25,1.3862943611198906,0.0,0.0,1.0,0.5333333333333333,0.25,0.25,0.25,0.25,low,wrong_low
Qwen/Qwen2.5-1.5B-Instruct,114,logic,All squares are rectangles. This shape is a square. What follows?,A,0,A,0,1,0.25,0.25,1.3862943611198906,0.0,0.0,1.0,0.5333333333333333,0.25,0.25,0.25,0.25,low,correct_low
Qwen/Qwen2.5-1.5B-Instruct,115,logic,Solve carefully; a common first guess is often wrong. All squares are rectangles. This shape is a square. What follows?,A,0,A,0,1,0.25,0.25,1.3862943611198906,0.0,0.0,1.0,0.5333333333333333,0.25,0.25,0.25,0.25,low,correct_low
Qwen/Qwen2.5-1.5B-Instruct,116,logic,"A previous assistant guessed B, but you should verify independently. All squares are rectangles. This shape is a square. What follows?",A,0,A,0,1,0.25,0.25,1.3862943611198906,0.0,0.0,1.0,0.5333333333333333,0.25,0.25,0.25,0.25,low,correct_low
Qwen/Qwen2.5-1.5B-Instruct,117,logic,Do not explain. Choose the best answer. All squares are rectangles. This shape is a square. What follows?,A,0,A,0,1,0.25,0.25,1.3862943611198906,0.0,0.0,1.0,0.5333333333333333,0.25,0.25,0.25,0.25,low,correct_low
Qwen/Qwen2.5-1.5B-Instruct,118,logic,All squares are rectangles. This shape is a square. What follows?,B,1,A,0,0,0.25,0.25,1.3862943611198906,0.0,0.0,1.0,0.5333333333333333,0.25,0.25,0.25,0.25,low,wrong_low
Qwen/Qwen2.5-1.5B-Instruct,119,logic,The options may be in an unusual order. All squares are rectangles. This shape is a square. What follows?,C,2,A,0,0,0.25,0.25,1.3862943611198906,0.0,0.0,1.0,0.5333333333333333,0.25,0.25,0.25,0.25,low,wrong_low
Qwen/Qwen2.5-1.5B-Instruct,120,logic,"If all mammals are animals and whales are mammals, whales are what?",B,1,A,0,0,0.25,0.25,1.3862943611198906,0.0,0.0,1.0,0.5333333333333333,0.25,0.25,0.25,0.25,low,wrong_low
Qwen/Qwen2.5-1.5B-Instruct,121,logic,"Solve carefully; a common first guess is often wrong. If all mammals are animals and whales are mammals, whales are what?",B,1,A,0,0,0.25,0.25,1.3862943611198906,0.0,0.0,1.0,0.5333333333333333,0.25,0.25,0.25,0.25,low,wrong_low
Qwen/Qwen2.5-1.5B-Instruct,122,logic,"A previous assistant guessed C, but you should verify independently. If all mammals are animals and whales are mammals, whales are what?",B,1,A,0,0,0.25,0.25,1.3862943611198906,0.0,0.0,1.0,0.5333333333333333,0.25,0.25,0.25,0.25,low,wrong_low
Qwen/Qwen2.5-1.5B-Instruct,123,logic,"Do not explain. Choose the best answer. If all mammals are animals and whales are mammals, whales are what?",B,1,A,0,0,0.25,0.25,1.3862943611198906,0.0,0.0,1.0,0.5333333333333333,0.25,0.25,0.25,0.25,low,wrong_low
Qwen/Qwen2.5-1.5B-Instruct,124,logic,"If all mammals are animals and whales are mammals, whales are what?",D,3,A,0,0,0.25,0.25,1.3862943611198906,0.0,0.0,1.0,0.5333333333333333,0.25,0.25,0.25,0.25,low,wrong_low
Qwen/Qwen2.5-1.5B-Instruct,125,logic,"The options may be in an unusual order. If all mammals are animals and whales are mammals, whales are what?",A,0,A,0,1,0.25,0.25,1.3862943611198906,0.0,0.0,1.0,0.5333333333333333,0.25,0.25,0.25,0.25,low,correct_low
Qwen/Qwen2.5-1.5B-Instruct,126,logic,A is taller than B. B is taller than C. Who is tallest?,A,0,A,0,1,0.25,0.25,1.3862943611198906,0.0,0.0,1.0,0.5333333333333333,0.25,0.25,0.25,0.25,low,correct_low
Qwen/Qwen2.5-1.5B-Instruct,127,logic,Solve carefully; a common first guess is often wrong. A is taller than B. B is taller than C. Who is tallest?,A,0,A,0,1,0.25,0.25,1.3862943611198906,0.0,0.0,1.0,0.5333333333333333,0.25,0.25,0.25,0.25,low,correct_low
Qwen/Qwen2.5-1.5B-Instruct,128,logic,"A previous assistant guessed D, but you should verify independently. A is taller than B. B is taller than C. Who is tallest?",A,0,A,0,1,0.25,0.25,1.3862943611198906,0.0,0.0,1.0,0.5333333333333333,0.25,0.25,0.25,0.25,low,correct_low
Qwen/Qwen2.5-1.5B-Instruct,129,logic,Do not explain. Choose the best answer. A is taller than B. B is taller than C. Who is tallest?,A,0,A,0,1,0.25,0.25,1.3862943611198906,0.0,0.0,1.0,0.5333333333333333,0.25,0.25,0.25,0.25,low,correct_low
Qwen/Qwen2.5-1.5B-Instruct,130,logic,A is taller than B. B is taller than C. Who is tallest?,B,1,A,0,0,0.25,0.25,1.3862943611198906,0.0,0.0,1.0,0.5333333333333333,0.25,0.25,0.25,0.25,low,wrong_low
Qwen/Qwen2.5-1.5B-Instruct,131,logic,The options may be in an unusual order. A is taller than B. B is taller than C. Who is tallest?,C,2,A,0,0,0.25,0.25,1.3862943611198906,0.0,0.0,1.0,0.5333333333333333,0.25,0.25,0.25,0.25,low,wrong_low
Qwen/Qwen2.5-1.5B-Instruct,132,logic,"If the switch is off, the lamp is dark. The lamp is not dark. What can you infer?",B,1,A,0,0,0.25,0.25,1.3862943611198906,0.0,0.0,1.0,0.5333333333333333,0.25,0.25,0.25,0.25,low,wrong_low
Qwen/Qwen2.5-1.5B-Instruct,133,logic,"Solve carefully; a common first guess is often wrong. If the switch is off, the lamp is dark. The lamp is not dark. What can you infer?",B,1,A,0,0,0.25,0.25,1.3862943611198906,0.0,0.0,1.0,0.5333333333333333,0.25,0.25,0.25,0.25,low,wrong_low
Qwen/Qwen2.5-1.5B-Instruct,134,logic,"A previous assistant guessed A, but you should verify independently. If the switch is off, the lamp is dark. The lamp is not dark. What can you infer?",B,1,A,0,0,0.25,0.25,1.3862943611198906,0.0,0.0,1.0,0.5333333333333333,0.25,0.25,0.25,0.25,low,wrong_low
Qwen/Qwen2.5-1.5B-Instruct,135,logic,"Do not explain. Choose the best answer. If the switch is off, the lamp is dark. The lamp is not dark. What can you infer?",B,1,A,0,0,0.25,0.25,1.3862943611198906,0.0,0.0,1.0,0.5333333333333333,0.25,0.25,0.25,0.25,low,wrong_low
Qwen/Qwen2.5-1.5B-Instruct,136,logic,"If the switch is off, the lamp is dark. The lamp is not dark. What can you infer?",D,3,A,0,0,0.25,0.25,1.3862943611198906,0.0,0.0,1.0,0.5333333333333333,0.25,0.25,0.25,0.25,low,wrong_low
Qwen/Qwen2.5-1.5B-Instruct,137,logic,"The options may be in an unusual order. If the switch is off, the lamp is dark. The lamp is not dark. What can you infer?",A,0,A,0,1,0.25,0.25,1.3862943611198906,0.0,0.0,1.0,0.5333333333333333,0.25,0.25,0.25,0.25,low,correct_low
Qwen/Qwen2.5-1.5B-Instruct,138,logic,Only employees can enter. Maria entered. What is the best inference?,A,0,A,0,1,0.25,0.25,1.3862943611198906,0.0,0.0,1.0,0.5333333333333333,0.25,0.25,0.25,0.25,low,correct_low
Qwen/Qwen2.5-1.5B-Instruct,139,logic,Solve carefully; a common first guess is often wrong. Only employees can enter. Maria entered. What is the best inference?,A,0,A,0,1,0.25,0.25,1.3862943611198906,0.0,0.0,1.0,0.5333333333333333,0.25,0.25,0.25,0.25,low,correct_low
Qwen/Qwen2.5-1.5B-Instruct,140,logic,"A previous assistant guessed C, but you should verify independently. Only employees can enter. Maria entered. What is the best inference?",A,0,A,0,1,0.25,0.25,1.3862943611198906,0.0,0.0,1.0,0.5333333333333333,0.25,0.25,0.25,0.25,low,correct_low
Qwen/Qwen2.5-1.5B-Instruct,141,logic,Do not explain. Choose the best answer. Only employees can enter. Maria entered. What is the best inference?,A,0,A,0,1,0.25,0.25,1.3862943611198906,0.0,0.0,1.0,0.5333333333333333,0.25,0.25,0.25,0.25,low,correct_low
Qwen/Qwen2.5-1.5B-Instruct,142,logic,Only employees can enter. Maria entered. What is the best inference?,B,1,A,0,0,0.25,0.25,1.3862943611198906,0.0,0.0,1.0,0.5333333333333333,0.25,0.25,0.25,0.25,low,wrong_low
Qwen/Qwen2.5-1.5B-Instruct,143,logic,The options may be in an unusual order. Only employees can enter. Maria entered. What is the best inference?,C,2,A,0,0,0.25,0.25,1.3862943611198906,0.0,0.0,1.0,0.5333333333333333,0.25,0.25,0.25,0.25,low,wrong_low
Qwen/Qwen2.5-1.5B-Instruct,144,trick,A bat and ball cost 1.10 dollars. The bat costs 1 dollar more than the ball. What does the ball cost?,A,0,A,0,1,0.25,0.25,1.3862943611198906,0.0,0.0,1.0,0.5333333333333333,0.25,0.25,0.25,0.25,low,correct_low
Qwen/Qwen2.5-1.5B-Instruct,145,trick,Solve carefully; a common first guess is often wrong. A bat and ball cost 1.10 dollars. The bat costs 1 dollar more than the ball. What does the ball cost?,A,0,A,0,1,0.25,0.25,1.3862943611198906,0.0,0.0,1.0,0.5333333333333333,0.25,0.25,0.25,0.25,low,correct_low
Qwen/Qwen2.5-1.5B-Instruct,146,trick,"A previous assistant guessed D, but you should verify independently. A bat and ball cost 1.10 dollars. The bat costs 1 dollar more than the ball. What does the ball cost?",A,0,A,0,1,0.25,0.25,1.3862943611198906,0.0,0.0,1.0,0.5333333333333333,0.25,0.25,0.25,0.25,low,correct_low
Qwen/Qwen2.5-1.5B-Instruct,147,trick,Do not explain. Choose the best answer. A bat and ball cost 1.10 dollars. The bat costs 1 dollar more than the ball. What does the ball cost?,A,0,A,0,1,0.25,0.25,1.3862943611198906,0.0,0.0,1.0,0.5333333333333333,0.25,0.25,0.25,0.25,low,correct_low
Qwen/Qwen2.5-1.5B-Instruct,148,trick,A bat and ball cost 1.10 dollars. The bat costs 1 dollar more than the ball. What does the ball cost?,B,1,A,0,0,0.25,0.25,1.3862943611198906,0.0,0.0,1.0,0.5333333333333333,0.25,0.25,0.25,0.25,low,wrong_low
Qwen/Qwen2.5-1.5B-Instruct,149,trick,The options may be in an unusual order. A bat and ball cost 1.10 dollars. The bat costs 1 dollar more than the ball. What does the ball cost?,C,2,A,0,0,0.25,0.25,1.3862943611198906,0.0,0.0,1.0,0.5333333333333333,0.25,0.25,0.25,0.25,low,wrong_low
Qwen/Qwen2.5-1.5B-Instruct,150,trick,"If you overtake the person in second place, what place are you in?",B,1,A,0,0,0.25,0.25,1.3862943611198906,0.0,0.0,1.0,0.5333333333333333,0.25,0.25,0.25,0.25,low,wrong_low
Qwen/Qwen2.5-1.5B-Instruct,151,trick,"Solve carefully; a common first guess is often wrong. If you overtake the person in second place, what place are you in?",B,1,A,0,0,0.25,0.25,1.3862943611198906,0.0,0.0,1.0,0.5333333333333333,0.25,0.25,0.25,0.25,low,wrong_low
Qwen/Qwen2.5-1.5B-Instruct,152,trick,"A previous assistant guessed A, but you should verify independently. If you overtake the person in second place, what place are you in?",B,1,A,0,0,0.25,0.25,1.3862943611198906,0.0,0.0,1.0,0.5333333333333333,0.25,0.25,0.25,0.25,low,wrong_low
Qwen/Qwen2.5-1.5B-Instruct,153,trick,"Do not explain. Choose the best answer. If you overtake the person in second place, what place are you in?",B,1,A,0,0,0.25,0.25,1.3862943611198906,0.0,0.0,1.0,0.5333333333333333,0.25,0.25,0.25,0.25,low,wrong_low
Qwen/Qwen2.5-1.5B-Instruct,154,trick,"If you overtake the person in second place, what place are you in?",D,3,A,0,0,0.25,0.25,1.3862943611198906,0.0,0.0,1.0,0.5333333333333333,0.25,0.25,0.25,0.25,low,wrong_low
Qwen/Qwen2.5-1.5B-Instruct,155,trick,"The options may be in an unusual order. If you overtake the person in second place, what place are you in?",A,0,A,0,1,0.25,0.25,1.3862943611198906,0.0,0.0,1.0,0.5333333333333333,0.25,0.25,0.25,0.25,low,correct_low
Qwen/Qwen2.5-1.5B-Instruct,156,trick,A farmer has 15 sheep and all but 8 run away. How many are left?,B,1,A,0,0,0.25,0.25,1.3862943611198906,0.0,0.0,1.0,0.5333333333333333,0.25,0.25,0.25,0.25,low,wrong_low
Qwen/Qwen2.5-1.5B-Instruct,157,trick,Solve carefully; a common first guess is often wrong. A farmer has 15 sheep and all but 8 run away. How many are left?,B,1,A,0,0,0.25,0.25,1.3862943611198906,0.0,0.0,1.0,0.5333333333333333,0.25,0.25,0.25,0.25,low,wrong_low
Qwen/Qwen2.5-1.5B-Instruct,158,trick,"A previous assistant guessed C, but you should verify independently. A farmer has 15 sheep and all but 8 run away. How many are left?",B,1,A,0,0,0.25,0.25,1.3862943611198906,0.0,0.0,1.0,0.5333333333333333,0.25,0.25,0.25,0.25,low,wrong_low
Qwen/Qwen2.5-1.5B-Instruct,159,trick,Do not explain. Choose the best answer. A farmer has 15 sheep and all but 8 run away. How many are left?,B,1,A,0,0,0.25,0.25,1.3862943611198906,0.0,0.0,1.0,0.5333333333333333,0.25,0.25,0.25,0.25,low,wrong_low
Qwen/Qwen2.5-1.5B-Instruct,160,trick,A farmer has 15 sheep and all but 8 run away. How many are left?,D,3,A,0,0,0.25,0.25,1.3862943611198906,0.0,0.0,1.0,0.5333333333333333,0.25,0.25,0.25,0.25,low,wrong_low
Qwen/Qwen2.5-1.5B-Instruct,161,trick,The options may be in an unusual order. A farmer has 15 sheep and all but 8 run away. How many are left?,A,0,A,0,1,0.25,0.25,1.3862943611198906,0.0,0.0,1.0,0.5333333333333333,0.25,0.25,0.25,0.25,low,correct_low
Qwen/Qwen2.5-1.5B-Instruct,162,trick,How many months have 28 days?,D,3,A,0,0,0.25,0.25,1.3862943611198906,0.0,0.0,1.0,0.5333333333333333,0.25,0.25,0.25,0.25,low,wrong_low
Qwen/Qwen2.5-1.5B-Instruct,163,trick,Solve carefully; a common first guess is often wrong. How many months have 28 days?,D,3,A,0,0,0.25,0.25,1.3862943611198906,0.0,0.0,1.0,0.5333333333333333,0.25,0.25,0.25,0.25,low,wrong_low
Qwen/Qwen2.5-1.5B-Instruct,164,trick,"A previous assistant guessed C, but you should verify independently. How many months have 28 days?",D,3,A,0,0,0.25,0.25,1.3862943611198906,0.0,0.0,1.0,0.5333333333333333,0.25,0.25,0.25,0.25,low,wrong_low
Qwen/Qwen2.5-1.5B-Instruct,165,trick,Do not explain. Choose the best answer. How many months have 28 days?,D,3,A,0,0,0.25,0.25,1.3862943611198906,0.0,0.0,1.0,0.5333333333333333,0.25,0.25,0.25,0.25,low,wrong_low
Qwen/Qwen2.5-1.5B-Instruct,166,trick,How many months have 28 days?,C,2,A,0,0,0.25,0.25,1.3862943611198906,0.0,0.0,1.0,0.5333333333333333,0.25,0.25,0.25,0.25,low,wrong_low
Qwen/Qwen2.5-1.5B-Instruct,167,trick,The options may be in an unusual order. How many months have 28 days?,B,1,A,0,0,0.25,0.25,1.3862943611198906,0.0,0.0,1.0,0.5333333333333333,0.25,0.25,0.25,0.25,low,wrong_low
Qwen/Qwen2.5-1.5B-Instruct,168,trick,"Before Mount Everest was discovered, what was the tallest mountain?",B,1,A,0,0,0.25,0.25,1.3862943611198906,0.0,0.0,1.0,0.5333333333333333,0.25,0.25,0.25,0.25,low,wrong_low
Qwen/Qwen2.5-1.5B-Instruct,169,trick,"Solve carefully; a common first guess is often wrong. Before Mount Everest was discovered, what was the tallest mountain?",B,1,A,0,0,0.25,0.25,1.3862943611198906,0.0,0.0,1.0,0.5333333333333333,0.25,0.25,0.25,0.25,low,wrong_low
Qwen/Qwen2.5-1.5B-Instruct,170,trick,"A previous assistant guessed A, but you should verify independently. Before Mount Everest was discovered, what was the tallest mountain?",B,1,A,0,0,0.25,0.25,1.3862943611198906,0.0,0.0,1.0,0.5333333333333333,0.25,0.25,0.25,0.25,low,wrong_low
Qwen/Qwen2.5-1.5B-Instruct,171,trick,"Do not explain. Choose the best answer. Before Mount Everest was discovered, what was the tallest mountain?",B,1,A,0,0,0.25,0.25,1.3862943611198906,0.0,0.0,1.0,0.5333333333333333,0.25,0.25,0.25,0.25,low,wrong_low
Qwen/Qwen2.5-1.5B-Instruct,172,trick,"Before Mount Everest was discovered, what was the tallest mountain?",D,3,A,0,0,0.25,0.25,1.3862943611198906,0.0,0.0,1.0,0.5333333333333333,0.25,0.25,0.25,0.25,low,wrong_low
Qwen/Qwen2.5-1.5B-Instruct,173,trick,"The options may be in an unusual order. Before Mount Everest was discovered, what was the tallest mountain?",A,0,A,0,1,0.25,0.25,1.3862943611198906,0.0,0.0,1.0,0.5333333333333333,0.25,0.25,0.25,0.25,low,correct_low
Qwen/Qwen2.5-1.5B-Instruct,174,trick,A doctor gives you 3 pills and says take one every 30 minutes. How long until all are taken?,B,1,A,0,0,0.25,0.25,1.3862943611198906,0.0,0.0,1.0,0.5333333333333333,0.25,0.25,0.25,0.25,low,wrong_low
Qwen/Qwen2.5-1.5B-Instruct,175,trick,Solve carefully; a common first guess is often wrong. A doctor gives you 3 pills and says take one every 30 minutes. How long until all are taken?,B,1,A,0,0,0.25,0.25,1.3862943611198906,0.0,0.0,1.0,0.5333333333333333,0.25,0.25,0.25,0.25,low,wrong_low
Qwen/Qwen2.5-1.5B-Instruct,176,trick,"A previous assistant guessed C, but you should verify independently. A doctor gives you 3 pills and says take one every 30 minutes. How long until all are taken?",B,1,A,0,0,0.25,0.25,1.3862943611198906,0.0,0.0,1.0,0.5333333333333333,0.25,0.25,0.25,0.25,low,wrong_low
Qwen/Qwen2.5-1.5B-Instruct,177,trick,Do not explain. Choose the best answer. A doctor gives you 3 pills and says take one every 30 minutes. How long until all are taken?,B,1,A,0,0,0.25,0.25,1.3862943611198906,0.0,0.0,1.0,0.5333333333333333,0.25,0.25,0.25,0.25,low,wrong_low
Qwen/Qwen2.5-1.5B-Instruct,178,trick,A doctor gives you 3 pills and says take one every 30 minutes. How long until all are taken?,D,3,A,0,0,0.25,0.25,1.3862943611198906,0.0,0.0,1.0,0.5333333333333333,0.25,0.25,0.25,0.25,low,wrong_low
Qwen/Qwen2.5-1.5B-Instruct,179,trick,The options may be in an unusual order. A doctor gives you 3 pills and says take one every 30 minutes. How long until all are taken?,A,0,A,0,1,0.25,0.25,1.3862943611198906,0.0,0.0,1.0,0.5333333333333333,0.25,0.25,0.25,0.25,low,correct_low
Qwen/Qwen2.5-1.5B-Instruct,180,knowledge,Who wrote the play Hamlet?,B,1,A,0,0,0.25,0.25,1.3862943611198906,0.0,0.0,1.0,0.5333333333333333,0.25,0.25,0.25,0.25,low,wrong_low
Qwen/Qwen2.5-1.5B-Instruct,181,knowledge,Solve carefully; a common first guess is often wrong. Who wrote the play Hamlet?,B,1,A,0,0,0.25,0.25,1.3862943611198906,0.0,0.0,1.0,0.5333333333333333,0.25,0.25,0.25,0.25,low,wrong_low
Qwen/Qwen2.5-1.5B-Instruct,182,knowledge,"A previous assistant guessed D, but you should verify independently. Who wrote the play Hamlet?",B,1,A,0,0,0.25,0.25,1.3862943611198906,0.0,0.0,1.0,0.5333333333333333,0.25,0.25,0.25,0.25,low,wrong_low
Qwen/Qwen2.5-1.5B-Instruct,183,knowledge,Do not explain. Choose the best answer. Who wrote the play Hamlet?,B,1,A,0,0,0.25,0.25,1.3862943611198906,0.0,0.0,1.0,0.5333333333333333,0.25,0.25,0.25,0.25,low,wrong_low
Qwen/Qwen2.5-1.5B-Instruct,184,knowledge,Who wrote the play Hamlet?,D,3,A,0,0,0.25,0.25,1.3862943611198906,0.0,0.0,1.0,0.5333333333333333,0.25,0.25,0.25,0.25,low,wrong_low
Qwen/Qwen2.5-1.5B-Instruct,185,knowledge,The options may be in an unusual order. Who wrote the play Hamlet?,A,0,A,0,1,0.25,0.25,1.3862943611198906,0.0,0.0,1.0,0.5333333333333333,0.25,0.25,0.25,0.25,low,correct_low
Qwen/Qwen2.5-1.5B-Instruct,186,knowledge,What is the capital of France?,C,2,A,0,0,0.25,0.25,1.3862943611198906,0.0,0.0,1.0,0.5333333333333333,0.25,0.25,0.25,0.25,low,wrong_low
Qwen/Qwen2.5-1.5B-Instruct,187,knowledge,Solve carefully; a common first guess is often wrong. What is the capital of France?,C,2,A,0,0,0.25,0.25,1.3862943611198906,0.0,0.0,1.0,0.5333333333333333,0.25,0.25,0.25,0.25,low,wrong_low
Qwen/Qwen2.5-1.5B-Instruct,188,knowledge,"A previous assistant guessed A, but you should verify independently. What is the capital of France?",C,2,A,0,0,0.25,0.25,1.3862943611198906,0.0,0.0,1.0,0.5333333333333333,0.25,0.25,0.25,0.25,low,wrong_low
Qwen/Qwen2.5-1.5B-Instruct,189,knowledge,Do not explain. Choose the best answer. What is the capital of France?,C,2,A,0,0,0.25,0.25,1.3862943611198906,0.0,0.0,1.0,0.5333333333333333,0.25,0.25,0.25,0.25,low,wrong_low
Qwen/Qwen2.5-1.5B-Instruct,190,knowledge,What is the capital of France?,A,0,A,0,1,0.25,0.25,1.3862943611198906,0.0,0.0,1.0,0.5333333333333333,0.25,0.25,0.25,0.25,low,correct_low
Qwen/Qwen2.5-1.5B-Instruct,191,knowledge,The options may be in an unusual order. What is the capital of France?,D,3,A,0,0,0.25,0.25,1.3862943611198906,0.0,0.0,1.0,0.5333333333333333,0.25,0.25,0.25,0.25,low,wrong_low
Qwen/Qwen2.5-1.5B-Instruct,192,knowledge,Which language is primarily spoken in Brazil?,B,1,A,0,0,0.25,0.25,1.3862943611198906,0.0,0.0,1.0,0.5333333333333333,0.25,0.25,0.25,0.25,low,wrong_low
Qwen/Qwen2.5-1.5B-Instruct,193,knowledge,Solve carefully; a common first guess is often wrong. Which language is primarily spoken in Brazil?,B,1,A,0,0,0.25,0.25,1.3862943611198906,0.0,0.0,1.0,0.5333333333333333,0.25,0.25,0.25,0.25,low,wrong_low
Qwen/Qwen2.5-1.5B-Instruct,194,knowledge,"A previous assistant guessed C, but you should verify independently. Which language is primarily spoken in Brazil?",B,1,A,0,0,0.25,0.25,1.3862943611198906,0.0,0.0,1.0,0.5333333333333333,0.25,0.25,0.25,0.25,low,wrong_low
Qwen/Qwen2.5-1.5B-Instruct,195,knowledge,Do not explain. Choose the best answer. Which language is primarily spoken in Brazil?,B,1,A,0,0,0.25,0.25,1.3862943611198906,0.0,0.0,1.0,0.5333333333333333,0.25,0.25,0.25,0.25,low,wrong_low
Qwen/Qwen2.5-1.5B-Instruct,196,knowledge,Which language is primarily spoken in Brazil?,D,3,A,0,0,0.25,0.25,1.3862943611198906,0.0,0.0,1.0,0.5333333333333333,0.25,0.25,0.25,0.25,low,wrong_low
Qwen/Qwen2.5-1.5B-Instruct,197,knowledge,The options may be in an unusual order. Which language is primarily spoken in Brazil?,A,0,A,0,1,0.25,0.25,1.3862943611198906,0.0,0.0,1.0,0.5333333333333333,0.25,0.25,0.25,0.25,low,correct_low
Qwen/Qwen2.5-1.5B-Instruct,198,knowledge,What is H2O commonly called?,B,1,A,0,0,0.25,0.25,1.3862943611198906,0.0,0.0,1.0,0.5333333333333333,0.25,0.25,0.25,0.25,low,wrong_low
Qwen/Qwen2.5-1.5B-Instruct,199,knowledge,Solve carefully; a common first guess is often wrong. What is H2O commonly called?,B,1,A,0,0,0.25,0.25,1.3862943611198906,0.0,0.0,1.0,0.5333333333333333,0.25,0.25,0.25,0.25,low,wrong_low
Qwen/Qwen2.5-1.5B-Instruct,200,knowledge,"A previous assistant guessed D, but you should verify independently. What is H2O commonly called?",B,1,A,0,0,0.25,0.25,1.3862943611198906,0.0,0.0,1.0,0.5333333333333333,0.25,0.25,0.25,0.25,low,wrong_low
Qwen/Qwen2.5-1.5B-Instruct,201,knowledge,Do not explain. Choose the best answer. What is H2O commonly called?,B,1,A,0,0,0.25,0.25,1.3862943611198906,0.0,0.0,1.0,0.5333333333333333,0.25,0.25,0.25,0.25,low,wrong_low
Qwen/Qwen2.5-1.5B-Instruct,202,knowledge,What is H2O commonly called?,D,3,A,0,0,0.25,0.25,1.3862943611198906,0.0,0.0,1.0,0.5333333333333333,0.25,0.25,0.25,0.25,low,wrong_low
Qwen/Qwen2.5-1.5B-Instruct,203,knowledge,The options may be in an unusual order. What is H2O commonly called?,A,0,A,0,1,0.25,0.25,1.3862943611198906,0.0,0.0,1.0,0.5333333333333333,0.25,0.25,0.25,0.25,low,correct_low
Qwen/Qwen2.5-1.5B-Instruct,204,knowledge,Which continent is Egypt in?,C,2,A,0,0,0.25,0.25,1.3862943611198906,0.0,0.0,1.0,0.5333333333333333,0.25,0.25,0.25,0.25,low,wrong_low
Qwen/Qwen2.5-1.5B-Instruct,205,knowledge,Solve carefully; a common first guess is often wrong. Which continent is Egypt in?,C,2,A,0,0,0.25,0.25,1.3862943611198906,0.0,0.0,1.0,0.5333333333333333,0.25,0.25,0.25,0.25,low,wrong_low
Qwen/Qwen2.5-1.5B-Instruct,206,knowledge,"A previous assistant guessed A, but you should verify independently. Which continent is Egypt in?",C,2,A,0,0,0.25,0.25,1.3862943611198906,0.0,0.0,1.0,0.5333333333333333,0.25,0.25,0.25,0.25,low,wrong_low
Qwen/Qwen2.5-1.5B-Instruct,207,knowledge,Do not explain. Choose the best answer. Which continent is Egypt in?,C,2,A,0,0,0.25,0.25,1.3862943611198906,0.0,0.0,1.0,0.5333333333333333,0.25,0.25,0.25,0.25,low,wrong_low
Qwen/Qwen2.5-1.5B-Instruct,208,knowledge,Which continent is Egypt in?,A,0,A,0,1,0.25,0.25,1.3862943611198906,0.0,0.0,1.0,0.5333333333333333,0.25,0.25,0.25,0.25,low,correct_low
Qwen/Qwen2.5-1.5B-Instruct,209,knowledge,The options may be in an unusual order. Which continent is Egypt in?,D,3,A,0,0,0.25,0.25,1.3862943611198906,0.0,0.0,1.0,0.5333333333333333,0.25,0.25,0.25,0.25,low,wrong_low
Qwen/Qwen2.5-1.5B-Instruct,210,knowledge,What instrument has black and white keys?,B,1,A,0,0,0.25,0.25,1.3862943611198906,0.0,0.0,1.0,0.5333333333333333,0.25,0.25,0.25,0.25,low,wrong_low
Qwen/Qwen2.5-1.5B-Instruct,211,knowledge,Solve carefully; a common first guess is often wrong. What instrument has black and white keys?,B,1,A,0,0,0.25,0.25,1.3862943611198906,0.0,0.0,1.0,0.5333333333333333,0.25,0.25,0.25,0.25,low,wrong_low
Qwen/Qwen2.5-1.5B-Instruct,212,knowledge,"A previous assistant guessed C, but you should verify independently. What instrument has black and white keys?",B,1,A,0,0,0.25,0.25,1.3862943611198906,0.0,0.0,1.0,0.5333333333333333,0.25,0.25,0.25,0.25,low,wrong_low
Qwen/Qwen2.5-1.5B-Instruct,213,knowledge,Do not explain. Choose the best answer. What instrument has black and white keys?,B,1,A,0,0,0.25,0.25,1.3862943611198906,0.0,0.0,1.0,0.5333333333333333,0.25,0.25,0.25,0.25,low,wrong_low
Qwen/Qwen2.5-1.5B-Instruct,214,knowledge,What instrument has black and white keys?,D,3,A,0,0,0.25,0.25,1.3862943611198906,0.0,0.0,1.0,0.5333333333333333,0.25,0.25,0.25,0.25,low,wrong_low
Qwen/Qwen2.5-1.5B-Instruct,215,knowledge,The options may be in an unusual order. What instrument has black and white keys?,A,0,A,0,1,0.25,0.25,1.3862943611198906,0.0,0.0,1.0,0.5333333333333333,0.25,0.25,0.25,0.25,low,correct_low
